<?xml version='1.0' encoding='utf-8' standalone='yes' ?>
<map>
    <string name="deviceIdHash">e16800be-8202-4961-adb1-e46ccab5c288</string>
    <string name="Redmi/excalibur_in/excalibur:11/RKQ1.200826.002/V12.5.6.0.RJXINXM:user/release-keys;Premium">a8990066622827a3b781a700f11ddcc3</string>
    <string name="LAST_SAVED_LOCALE">en_IN</string>
    <string name="Android/graceltexx/gracelte:9/PQ3A.190705.05150934/G9700FXXU1APFO:user/release-keys;1.13.09">fec930a00ba6160501133481473fb567</string>
    <int name="AppMinSdkVersion" value="24" />
    <string name="realme/RMX3660/RE588BL1:14/UKQ1.230924.001/T.R4T2.1927be9-3bb5_697a2:user/release-keys;1.13.09">68c27bfff51b0b48cbc1d6ac05a20d6e</string>
</map>
