{"configs_key":{"alarm_notification_data":"{\"enable_alarm_notification\":false,\"series_list\":[{\"id\":3059,\"slug\":\"14e67f06-ec65-4274-80b1-6a4fbc5acb68\",\"title\":\"Kaise karein Aadhaar par Sudhaar?\",\"description\":\"Dekhein Sarkari Kaam ki yeh series\",\"cta\":\"Abhi dekhein\",\"notification_alarm_time\":\"08:00\",\"notification_alarm_day\":1,\"image\":\"https:\/\/images.seekhoapp.com\/series\/143x206\/a58d205a3e514971aecdf98fb2ed5e4f.jpeg\",\"expanded_image\":\"https:\/\/images.seekhoapp.com\/series\/572x824\/af29504bcbd944d1a0bbeb6453ff27c0.jpeg\"},{\"id\":3662,\"slug\":\"part-time-work-websites\",\"title\":\"Video dekhkar kamaye paise\",\"description\":\"Dekhein Online Earning ki yeh series\",\"cta\":\"Abhi dekhein\",\"notification_alarm_time\":\"13:00\",\"notification_alarm_day\":1,\"image\":\"https:\/\/images.seekhoapp.com\/series\/143x206\/e5a6c24aa35243edbff1f30cd35d55a8.jpeg\",\"expanded_image\":\"https:\/\/images.seekhoapp.com\/series\/572x824\/9cea022faa454c63bee9ca615bf02bae.jpeg\"},{\"id\":6538,\"slug\":\"mobile-recharge\",\"title\":\"Free mein karein Mobile Recharge\",\"description\":\"Dekhein Mobile Tricks ki yeh series\",\"cta\":\"Abhi dekhein\",\"notification_alarm_time\":\"18:00\",\"notification_alarm_day\":1,\"image\":\"https:\/\/images.seekhoapp.com\/series\/143x206\/3e80aac47c914b3e80609b7b7f81dcb1.jpeg\",\"expanded_image\":\"https:\/\/images.seekhoapp.com\/series\/572x824\/244f259304294add8a1524a986c84b2e.jpeg\"},{\"id\":524,\"slug\":\"youtube-launch\",\"title\":\"Kaise karein Youtube channel shuru\",\"description\":\"Dekhein Youtube ki yeh series\",\"cta\":\"Abhi dekhein\",\"notification_alarm_time\":\"21:00\",\"notification_alarm_day\":1,\"image\":\"https:\/\/images.seekhoapp.com\/series\/572x824\/0c5a120bc8714c539815f792a6a52185.jpeg\"},{\"id\":4427,\"slug\":\"how-to-apply-pan-card-online\",\"title\":\"Kaise banaye Online PAN card?\",\"description\":\"Dekhein Sarkari Kaam ki yeh series\",\"cta\":\"Abhi dekhein\",\"notification_alarm_time\":\"08:00\",\"notification_alarm_day\":2,\"image\":\"https:\/\/images.seekhoapp.com\/series\/143x206\/7d75e8c25c4944e09cdf3e6a5bbc18f8.jpeg\",\"expanded_image\":\"https:\/\/images.seekhoapp.com\/series\/572x824\/9a4ef525a156431d97dc699653d807d6.jpeg\"},{\"id\":8417,\"slugremot\":\"side-income-unique-ideas\",\"title\":\"₹30,000 kamaye ghar baithe\",\"description\":\"Dekhein Online Earning ki yeh series\",\"cta\":\"Abhi dekhein\",\"notification_alarm_time\":\"13:00\",\"notification_alarm_day\":2,\"image\":\"https:\/\/images.seekhoapp.com\/series\/143x206\/ad0a1532c9f9448694e9a0cf2f8c47c3.jpeg\",\"expanded_image\":\"https:\/\/images.seekhoapp.com\/series\/572x824\/61568598ee7945c7af7c2205fb187a83.jpeg\"},{\"id\":8823,\"slug\":\"0-mehnat-100-youtube-success\",\"title\":\"Youtube par success bina mehnat ke\",\"description\":\"Dekhein Youtube ki yeh series\",\"cta\":\"Abhi dekhein\",\"notification_alarm_time\":\"18:00\",\"notification_alarm_day\":2,\"image\":\"https:\/\/images.seekhoapp.com\/series\/143x206\/770145b522bc477fae885481ba1c70d3.jpeg\",\"expanded_image\":\"https:\/\/images.seekhoapp.com\/series\/572x824\/b68190178f0c48d99df93ff2a84cfa47.jpeg\"},{\"id\":8821,\"slug\":\"english-ke-5-mantra\",\"title\":\"7 din mein Angrezi In\",\"description\":\"Dekhein English speaking ki yeh series\",\"cta\":\"Abhi dekhein\",\"notification_alarm_time\":\"21:00\",\"notification_alarm_day\":2,\"image\":\"https:\/\/images.seekhoapp.com\/series\/143x206\/5aacbb2bc12b44dd9a5a65af7880fb22.jpeg\",\"expanded_image\":\"https:\/\/images.seekhoapp.com\/series\/572x824\/603082f82eac4e68a37087e3fcfd8ce8.jpeg\"}],\"alarm_notification_version\":1}","api_response_caching_duration":"1800","brands_cta_data":"[{\"link\":\"https:\/\/prx.onelink.me\/omZC\/wozqvnjh\",\"cta\":\"Try PlatinumRx\",\"cta_icon\":\"https:\/\/cloudflare-images.seekho.in\/static\/icon\/ic_platinum_rx_logo.png\", \"series_id\": 16932}]","continue_screen_after_payment":"false","default_home_tab":"HOME","enable_appsflyer":"false","enable_brand_cta":"false","enable_moshi":"false","enable_performance_monitoring":"false","feedback_contact_no":"+919205260334","feedback_email_id":"ankit.bhatia@seekhoapp.com","feedback_medium":"whatsapp","feedback_rating_uri":"app:\/\/seekhoapp.com\/feedback\/whatsapp\/+919205260334","feedback_uri":"app:\/\/seekhoapp.com\/feedback\/whatsapp\/+919205260334","gst_coefficient":"1.18","hide_help_in_profile":"false","home_screen_top_logo":"","notification_elapse_time":"10","notification_upgrade":"false","notification_upgrade_v2":"false","open_freshchat":"false","otp_encryption_key":"SeekhoSendOtp","p0_time_spent_limit":"600","play_billing_dialog_data":"{\"play_billing_info_dialog\":{\"title\":\"Changes to your checkout options\",\"description\":\"You now have more options at checkout.\\nYour choice will determine\",\"bullet_points\":[\"Who secures your purchase, processes your payment and stores any payment information.\",\"Who provide customer support for the purchase.\",\"Which benefits are available with your purchase.\"],\"disclaimer\":\"Only purchases through Google Play are secured by Google. Play features such as Play gift cards. Purchase controls, and subscription management are only available when you choose Google Play Protect\",\"primary_cta\":\"Continue\",\"secondary_cta\":\"Learn More\"},\"play_billing_options_dialog\":{\"title\":\"Choose How to checkout\",\"description\":\"Choose who will secure and process your payment and provide customer service. Benefits and available forms of payment may vary. Learn more\",\"upi_title\":\"UPI, PhonePe, Gpay\",\"google_play_title\":\"Google Play\"}}","play_free_series_trailer":"true","play_next_video_on_complete":"true","premium_email":"seekho.plus@seekhoapp.com","premium_popup_count":"5","premium_popup_delayed_time":"10000","premium_support_mail":"support@seekhoapp.com","premium_support_phone":"9571141427","privacy_policy":"https:\/\/seekho.in\/privacy-policy?source=android","quality_approve_creator_form":"https:\/\/forms.gle\/AnoeVfXXw9kusPjj7","rating_delayed_time":"20000","rating_popup_count":"5","refund_policy_link":"https:\/\/seekho.in\/cancellation-policy?source=android","report_issue_reasons":"[{\"id\":0,\"title\":\"Sexual Content\",\"slug\":\"sexual-content\"},{\"id\":1,\"title\":\"Violent or repulsive content\",\"slug\":\"violent-repulsive-content\"},{\"id\":2,\"title\":\"Hateful or abusive content\",\"slug\":\"hateful-abusive-content\"},{\"id\":3,\"title\":\"Harmful or dangerous act\",\"slug\":\"harmful-dangerous-act\"},{\"id\":4,\"title\":\"Spam or misleading\",\"slug\":\"spam-misleading\"},{\"id\":5,\"title\":\"Copyright violation\",\"slug\":\"copyright-violation\"},{\"id\":6,\"title\":\"Other\",\"slug\":\"other\"}]","series_end_play_next":"false","series_performance_dashboard_url":"https:\/\/analytics.seekho.in\/public\/dashboards\/ONrYiljSLUFka4PBaYlAOEJRUZpB4XZPARqYHKsK?org_slug=default&p_series_id=","show_app_rating_layout":"true","show_notification_popup_count":"2","show_paywall_daily":"true","show_premium_bottom_layout":"true","show_rating_option_in_settings":"false","show_series_free_tag":"true","show_top_nav_stories":"false","sign_up_mandatory":"true","sign_up_skippable":"false","splash_navigation_delay":"1000","splash_screen_logo":"","splash_screen_middle_image":"","splash_screen_text_logo":"","terms_n_condition":"https:\/\/seekho.in\/terms-and-conditions?source=android","uxcam_enabled":"false","whatsapp_number":"+919205260334"},"fetch_time_key":1746465080057,"abt_experiments_key":[],"personalization_metadata_key":{},"template_version_number_key":232,"rollout_metadata_key":[]}