{"Fid":"cP_N8r46ReeDpw4e8fMzHl","Status":3,"AuthToken":"eyJhbGciOiJFUzI1NiIsInR5cCI6IkpXVCJ9.eyJhcHBJZCI6IjE6ODc2MzMzMzcxNTk2OmFuZHJvaWQ6OTJlMjQzNjFhNmE0YWIzY2Y4MzI2OSIsImV4cCI6MTc1NjA1NjA0NSwiZmlkIjoiY1BfTjhyNDZSZWVEcHc0ZThmTXpIbCIsInByb2plY3ROdW1iZXIiOjg3NjMzMzM3MTU5Nn0.AB2LPV8wRAIgbmIDGrxVrJpaTRXTgKs3Vch9o9xh-SVlQAwINBhQWB8CICXntxdhg_IVLR7_b29yd9aZDIOQec5i6Zaq26vDJHmv","RefreshToken":"3_AS3qfwLg7MmYPSnisJnx3OBbo_eb3PAZ2iTTLcsbuOsjKEEWHd3yqoiEjjhqXQHStv8OX9hxBx_mM91GUIFdBDoGrUXN8HplvVMRnMp9b7ndfQs","TokenCreationEpochInSecs":1755451244,"ExpiresInSecs":604800}