{"Fid":"ch3z0QBYRBmDCh188uTgWB","Status":3,"AuthToken":"eyJhbGciOiJFUzI1NiIsInR5cCI6IkpXVCJ9.eyJhcHBJZCI6IjE6NjM2ODEzODMyNjYyOmFuZHJvaWQ6NmVlMWZhZWNlZGIzYjFkYmZjNzQ3NyIsImV4cCI6MTc1NTUxNzU4MiwiZmlkIjoiY2gzejBRQllSQm1EQ2gxODh1VGdXQiIsInByb2plY3ROdW1iZXIiOjYzNjgxMzgzMjY2Mn0.AB2LPV8wRgIhAJSdMxGvjg6lTQ2NQbKQsefKjZ_WY9EM0TdCMTXp4dH5AiEA_kGMv5zgwIu5TmLZqtUOdlF5yQk17EXNn3VZQBnEOFI","RefreshToken":"3_AS3qfwK58qMjCwe2E86xx_oyI94AcoOIZPtWlydqEzaIeTPAj909Rop9QIsDl4_HU9zIZpqUe8JuJCq72wKw8c1CQFqnsd9Rgz8Ev-doJRC7yfA","TokenCreationEpochInSecs":1754912783,"ExpiresInSecs":604800}