{"Fid":"ccJfJfI1T3OXxRV9WYmgCh","Status":3,"AuthToken":"eyJhbGciOiJFUzI1NiIsInR5cCI6IkpXVCJ9.eyJhcHBJZCI6IjE6NjM2ODEzODMyNjYyOmFuZHJvaWQ6NmVlMWZhZWNlZGIzYjFkYmZjNzQ3NyIsImV4cCI6MTc1NjA1NjA0NSwiZmlkIjoiY2NKZkpmSTFUM09YeFJWOVdZbWdDaCIsInByb2plY3ROdW1iZXIiOjYzNjgxMzgzMjY2Mn0.AB2LPV8wRQIgKQ6PLdOygRgxjd4Q78H1uyA3Rxo_HcOoe7fuNBVIvj4CIQDWc9rAzIPwPkfF8eGdAzkQrlAxDDEF0Nu4Fl4e94M5bg","RefreshToken":"3_AS3qfwKj4YpnSJCA31Ycvqz6OoZo3A71GebYQO-Mim_BKpAlRjST1CV7DX8lje0sZtsEWO2NNPEzILEhq-WXMBOKA15nudY3Ajiv4FguM6WJsxQ","TokenCreationEpochInSecs":1755451244,"ExpiresInSecs":604800}