{"Fid":"fKnaCv4fTVi5j3SQ_6diHo","Status":3,"AuthToken":"eyJhbGciOiJFUzI1NiIsInR5cCI6IkpXVCJ9.eyJhcHBJZCI6IjE6NjM2ODEzODMyNjYyOmFuZHJvaWQ6NmVlMWZhZWNlZGIzYjFkYmZjNzQ3NyIsImV4cCI6MTc1NTYzMTQxOCwiZmlkIjoiZktuYUN2NGZUVmk1ajNTUV82ZGlIbyIsInByb2plY3ROdW1iZXIiOjYzNjgxMzgzMjY2Mn0.AB2LPV8wRQIgL25C46HC3Okq3dk9K4fd2zatTu_Gstw11BRLK162tYUCIQDqZAUc44h65fFa-ta9ez-W8ENcC27NB7J3tD6VGYdx1Q","RefreshToken":"3_AS3qfwLhZm8dv_icnYybcMe65JiUbEU_dgTZjxiC2EAFR2Dvw6FF4HYsdZEfgqubHagjmpMHA0c6cG39LDddd9mKdYG29JlRryzNrM2FL_rakT8","TokenCreationEpochInSecs":1755026618,"ExpiresInSecs":604800}