<?xml version='1.0' encoding='utf-8' standalone='yes' ?>
<map>
    <long name="prev_session_dur" value="7" />
    <string name="afUninstallToken">dqUNqWZNRPmxb_GNRf4rKm:APA91bHgLApag-eAjWWTidcfJly-K2c2o7NFaDHxOgv0S9jTeUa3nERN0weNm5Us7B59Q_Jm6gQKwKyT-WAPr15Gl8zzeNZOXqmSu8Qdmj9SQLsqVh6HyDU</string>
    <long name="af_rc_max_age" value="86400" />
    <boolean name="ddl_sent" value="true" />
    <string name="sentSuccessfully">true</string>
    <string name="af_remote_config">eyJmZWF0dXJlcyI6e30sInZlciI6ImRlZmF1bHQudjEuMTYzNzE0OTUyOSJ9</string>
    <int name="versionCode" value="240011309" />
    <boolean name="sentRegisterRequestToAF" value="true" />
    <string name="savedProperties">{&quot;uid&quot;:&quot;1756019429173-6714976719660131325&quot;,&quot;waitForCustomerId&quot;:&quot;false&quot;,&quot;AppUserId&quot;:&quot;122556860&quot;}</string>
    <string name="AF_INSTALLATION">1756019429173-6714976719660131325</string>
    <boolean name="afUninstallToken_queued" value="false" />
    <int name="appsFlyerCount" value="4" />
    <long name="af_rc_timestamp" value="1756019429647" />
    <long name="AppsFlyerTimePassedSincePrevLaunch" value="1756019493484" />
    <boolean name="newGPReferrerSent" value="true" />
    <string name="appsFlyerFirstInstall">2025-08-24_124030+0530</string>
    <long name="afUninstallToken_received_time" value="1756019495112" />
    <string name="attributionId">{&quot;install_time&quot;:&quot;2025-08-24 07:10:34.322&quot;,&quot;af_message&quot;:&quot;organic install&quot;,&quot;af_status&quot;:&quot;Organic&quot;,&quot;is_first_launch&quot;:false}</string>
</map>
