<?xml version='1.0' encoding='utf-8' standalone='yes' ?>
<map>
    <boolean name="bg_startup_tracing" value="false" />
    <long name="com.facebook.appevents.SessionInfo.sessionStartTime" value="1756019438616" />
    <long name="com.facebook.appevents.SessionInfo.sessionEndTime" value="1756019500359" />
    <string name="com.facebook.appevents.UserDataStore.internalUserData">{&quot;r2&quot;:&quot;62d505abf25559da7ee9c49d0928df31de354c412eb756cd9bac2527a934fc70&quot;}</string>
    <int name="com.facebook.appevents.SessionInfo.interruptionCount" value="1" />
    <string name="com.facebook.appevents.SessionInfo.sessionId">b443f00d-2112-4f4e-b65d-9a0b3ae37439</string>
</map>
