<?xml version='1.0' encoding='utf-8' standalone='yes' ?>
<map>
    <string name="iQOO/I2302T/I2302:15/AP3A.240905.015.A2/compiler250612114031:user/release-keys;1.13.13">4d01c120a565709c1e062079edf9b8be</string>
    <string name="Redmi/excalibur_in/excalibur:11/RKQ1.200826.002/V12.5.6.0.RJXINXM:user/release-keys;1.13.09">b3b5af6700b6686f5b14e5ce7e0c0356</string>
    <string name="deviceIdHash">60d5c7ea-5408-46b3-b55f-a50885f3c6e2</string>
    <string name="realme/RMX3660/RE588BL1:14/UKQ1.230924.001/T.R4T2.1927be9-3bb5_697a2:user/release-keys;1.13.13">e43387c91fa1d27844c81e5c4814526a</string>
    <string name="LAST_SAVED_LOCALE">en</string>
    <int name="AppMinSdkVersion" value="24" />
</map>
