<?xml version='1.0' encoding='utf-8' standalone='yes' ?>
<map>
    <set name="device-brand/iQOO fire-installations/18.0.0 fire-cls/19.1.0 fire-rc/22.0.0 fire-dl/22.1.0 fire-abt/21.1.1 fire-core/21.0.0 fire-vertex/16.2.0 fire-core-ktx/21.0.0 device-name/I2302T android-installer/com.google.android.packageinstaller fire-sessions/2.0.4 android-platform/ android-target-sdk/35 fire-transport/19.0.0 fire-dl-ktx/22.1.0 kotlin/2.0.21 android-min-sdk/24 fire-auth/23.0.0 device-model/I2302 fire-android/35 fire-perf/21.0.1 fire-analytics/22.1.0 fire-analytics-ktx/22.1.0 fire-cfg-ktx/22.0.0 fire-fcm/24.0.1">
        <string>2025-08-21</string>
    </set>
    <long name="fire-count" value="3" />
    <string name="last-used-date">2025-08-24</string>
    <long name="fire-global" value="1756019438097" />
</map>
