<?xml version='1.0' encoding='utf-8' standalone='yes' ?>
<map>
    <string name="prev_event_name">af_initiated_checkout</string>
    <long name="prev_event_timestamp" value="1746465142884" />
    <int name="appsFlyerInAppEventCount" value="2" />
    <string name="afUninstallToken">ccJfJfI1T3OXxRV9WYmgCh:APA91bEHNZwTbP8lSyTq0n039J72gTlthHOHLqTqOi9Git7Mncjsuj-txUyAQ9ULaeeJo_roSg1zs0lJHpexjhofnRCD8aHWfW8R40kh80WXxsj-nee9dEg</string>
    <long name="prev_session_dur" value="2" />
    <boolean name="ddl_sent" value="true" />
    <long name="af_rc_max_age" value="86400" />
    <int name="versionCode" value="240011260" />
    <string name="af_remote_config">eyJmZWF0dXJlcyI6e30sInZlciI6ImRlZmF1bHQudjEuMTYzNzE0OTUyOSJ9</string>
    <string name="savedProperties">{&quot;uid&quot;:&quot;1746465079966-8730444667902701633&quot;,&quot;waitForCustomerId&quot;:&quot;false&quot;,&quot;AppUserId&quot;:&quot;83804383&quot;}</string>
    <string name="AF_INSTALLATION">1746465079966-8730444667902701633</string>
    <boolean name="afUninstallToken_queued" value="false" />
    <int name="appsFlyerCount" value="6" />
    <long name="AppsFlyerTimePassedSincePrevLaunch" value="1746465163210" />
    <boolean name="newGPReferrerSent" value="true" />
    <long name="af_rc_timestamp" value="1755451244683" />
    <string name="first_launch">{&quot;net&quot;:476,&quot;from_fg&quot;:4024,&quot;start_with&quot;:&quot;activity&quot;,&quot;init_to_fg&quot;:546}</string>
    <string name="appsFlyerFirstInstall"></string>
    <long name="afUninstallToken_received_time" value="1755451246036" />
</map>
