<?xml version='1.0' encoding='utf-8' standalone='yes' ?>
<map>
    <string name="prev_event_name">af_initiated_checkout</string>
    <long name="prev_event_timestamp" value="1754292338021" />
    <int name="appsFlyerInAppEventCount" value="2" />
    <long name="prev_session_dur" value="7" />
    <string name="afUninstallToken">ch3z0QBYRBmDCh188uTgWB:APA91bEmt_wBa-urSTndQQN56mDncRmFFVuJk_s-5tASCWfIdFkmgKoZmdBVRlZltNaGV4EuxbEATv0HDJajYj8YuoPJNhsPZFPtC7dn_GK88CDPaJiLIqc</string>
    <boolean name="ddl_sent" value="true" />
    <long name="af_rc_max_age" value="86400" />
    <string name="sentSuccessfully">true</string>
    <string name="af_remote_config">eyJmZWF0dXJlcyI6e30sInZlciI6ImRlZmF1bHQudjEuMTYzNzE0OTUyOSJ9</string>
    <int name="versionCode" value="240011309" />
    <boolean name="sentRegisterRequestToAF" value="true" />
    <string name="savedProperties">{&quot;uid&quot;:&quot;1754292195031-1860985933643089606&quot;,&quot;waitForCustomerId&quot;:&quot;false&quot;,&quot;AppUserId&quot;:&quot;103123577&quot;}</string>
    <string name="AF_INSTALLATION">1754292195031-1860985933643089606</string>
    <boolean name="afUninstallToken_queued" value="false" />
    <int name="appsFlyerCount" value="13" />
    <long name="af_rc_timestamp" value="1754912783354" />
    <long name="AppsFlyerTimePassedSincePrevLaunch" value="1754912785026" />
    <boolean name="newGPReferrerSent" value="true" />
    <string name="appsFlyerFirstInstall"></string>
    <long name="afUninstallToken_received_time" value="1754912787361" />
    <string name="attributionId">{&quot;install_time&quot;:&quot;2025-08-04 07:23:17.096&quot;,&quot;af_message&quot;:&quot;organic install&quot;,&quot;af_status&quot;:&quot;Organic&quot;,&quot;is_first_launch&quot;:false}</string>
</map>
