<?xml version='1.0' encoding='utf-8' standalone='yes' ?>
<map>
    <string name="prev_event_name">af_complete_registration</string>
    <long name="prev_event_timestamp" value="1750903880401" />
    <int name="appsFlyerInAppEventCount" value="1" />
    <string name="afUninstallToken">e2lRzIq5RMCErYAaE2RYkL:APA91bGtXmmemH_oXw7JUF_RMM4NTlIquKBmRkbw6BsXI8IROwPj9n4NRZsT9Y6jsHPvKCBzdwm05H32d3I6IKmhoi9KwO1cXZ-scv3T4bKkjUJ2EiWiHgM</string>
    <long name="prev_session_dur" value="8" />
    <boolean name="ddl_sent" value="true" />
    <long name="af_rc_max_age" value="86400" />
    <string name="sentSuccessfully">true</string>
    <string name="af_remote_config">eyJmZWF0dXJlcyI6e30sInZlciI6ImRlZmF1bHQudjEuMTYzNzE0OTUyOSJ9</string>
    <int name="versionCode" value="240011294" />
    <string name="savedProperties">{&quot;uid&quot;:&quot;1750903480451-6204908670748792338&quot;,&quot;waitForCustomerId&quot;:&quot;false&quot;,&quot;AppUserId&quot;:&quot;101231617&quot;}</string>
    <string name="AF_INSTALLATION">1750903480451-6204908670748792338</string>
    <boolean name="afUninstallToken_queued" value="false" />
    <int name="appsFlyerCount" value="7" />
    <long name="af_rc_timestamp" value="1754929980104" />
    <long name="AppsFlyerTimePassedSincePrevLaunch" value="1754929981474" />
    <boolean name="newGPReferrerSent" value="true" />
    <string name="appsFlyerFirstInstall"></string>
    <long name="afUninstallToken_received_time" value="1754929982926" />
</map>
