{"Fid":"dqUNqWZNRPmxb_GNRf4rKm","Status":3,"AuthToken":"eyJhbGciOiJFUzI1NiIsInR5cCI6IkpXVCJ9.eyJhcHBJZCI6IjE6NjM2ODEzODMyNjYyOmFuZHJvaWQ6NmVlMWZhZWNlZGIzYjFkYmZjNzQ3NyIsImV4cCI6MTc1NjM5ODE3MSwiZmlkIjoiZHFVTnFXWk5SUG14Yl9HTlJmNHJLbSIsInByb2plY3ROdW1iZXIiOjYzNjgxMzgzMjY2Mn0.AB2LPV8wRQIgCtK4E_Bv0ORNzXyft1SwYKIh6MamQ0bNU3RLesjgdmgCIQCAW50Aj4_3FJV9t--0_mfU3RPA5QU2wki-KfUVcZ2e9g","RefreshToken":"3_AS3qfwKAzd5SbD3Y298GqWDNQEGOo3_8MLYHSjB6t1i-5aeNnIZ1S__Cf_H7iCjVH0iT3wN-2-Gu6sJy87JI2Wg58QoqpHg_ES6zyvHBm28C5w","TokenCreationEpochInSecs":1755793370,"ExpiresInSecs":604800}