{"Fid":"e2lRzIq5RMCErYAaE2RYkL","Status":3,"AuthToken":"eyJhbGciOiJFUzI1NiIsInR5cCI6IkpXVCJ9.eyJhcHBJZCI6IjE6NjM2ODEzODMyNjYyOmFuZHJvaWQ6NmVlMWZhZWNlZGIzYjFkYmZjNzQ3NyIsImV4cCI6MTc1NTUzNDc4MCwiZmlkIjoiZTJsUnpJcTVSTUNFcllBYUUyUllrTCIsInByb2plY3ROdW1iZXIiOjYzNjgxMzgzMjY2Mn0.AB2LPV8wRgIhAOEC3Nl7kmCERUxg6fgmMGZbYdyZcYx-mo9yScX0OiHZAiEA0HwmaKa9BBXSkAgvqP5aSPufn2NZ2Ce1uHbBJOF6MAs","RefreshToken":"3_AS3qfwLcpxt2bf6-S2_uX9WOcl5nUDorFgVY3V8tBPclXZA3GJ6cObrXxrhsSXR6w3Mwy00RGIAXYWozTj_MXErwDsqQJ-NMmPpJQyVt0o-RBeg","TokenCreationEpochInSecs":1754929979,"ExpiresInSecs":604800}