<?xml version='1.0' encoding='utf-8' standalone='yes' ?>
<map>
    <string name="prev_event_name">af_initiated_checkout</string>
    <long name="prev_event_timestamp" value="7269288012000" />
    <int name="appsFlyerInAppEventCount" value="2" />
    <string name="afUninstallToken">fKnaCv4fTVi5j3SQ_6diHo:APA91bGxADjSL3m-EoLiJSgpY3Dpn0pXqSkOR4FjhShvfTCByc8GMBuw_mSRzQIJV7GqVIq3LlM6CZU7dpiXnzPiD_POJUkdS0YQo4UR0hc2HXVwGw5nIIo</string>
    <long name="prev_session_dur" value="24" />
    <boolean name="ddl_sent" value="true" />
    <long name="af_rc_max_age" value="86400" />
    <string name="sentSuccessfully">true</string>
    <int name="versionCode" value="240011311" />
    <string name="af_remote_config">eyJmZWF0dXJlcyI6e30sInZlciI6ImRlZmF1bHQudjEuMTYzNzE0OTUyOSJ9</string>
    <boolean name="sentRegisterRequestToAF" value="true" />
    <string name="savedProperties">{&quot;uid&quot;:&quot;7269288012000-3124843792530359274&quot;,&quot;waitForCustomerId&quot;:&quot;false&quot;,&quot;AppUserId&quot;:&quot;15540925&quot;}</string>
    <string name="AF_INSTALLATION">7269288012000-3124843792530359274</string>
    <boolean name="afUninstallToken_queued" value="false" />
    <int name="appsFlyerCount" value="8" />
    <long name="AppsFlyerTimePassedSincePrevLaunch" value="1755237348913" />
    <boolean name="newGPReferrerSent" value="true" />
    <long name="af_rc_timestamp" value="1755237347749" />
    <string name="appsFlyerFirstInstall"></string>
    <long name="afUninstallToken_received_time" value="1755026622068" />
    <string name="attributionId">{&quot;campaign_id&quot;:null,&quot;af_sub1&quot;:null,&quot;retargeting_conversion_type&quot;:&quot;re-engagement&quot;,&quot;af_sub5&quot;:null,&quot;is_first_launch&quot;:false,&quot;click_time&quot;:null,&quot;agency&quot;:null,&quot;af_sub2&quot;:null,&quot;af_siteid&quot;:null,&quot;http_referrer&quot;:null,&quot;install_time&quot;:&quot;2025-07-28 08:07:03.623&quot;,&quot;campaign&quot;:null,&quot;af_channel&quot;:null,&quot;af_status&quot;:&quot;Non-organic&quot;,&quot;af_sub4&quot;:null,&quot;af_sub3&quot;:null,&quot;media_source&quot;:&quot;restricted&quot;}</string>
</map>
