<?xml version='1.0' encoding='utf-8' standalone='yes' ?>
<map>
    <boolean name="measurement_enabled_from_api" value="true" />
    <long name="first_open_time" value="1755026616627" />
    <string name="gmp_app_id">1:636813832662:android:6ee1faecedb3b1dbfc7477</string>
    <string name="app_instance_id">ab89fa5bb9e887b47fba4cc7fe77326e</string>
    <long name="session_id" value="1755237347" />
    <boolean name="app_backgrounded" value="false" />
    <long name="health_monitor:start" value="1755237347511" />
    <boolean name="use_service" value="true" />
    <boolean name="deferred_analytics_collection" value="false" />
    <string name="previous_os_version">11</string>
    <boolean name="measurement_enabled" value="true" />
    <boolean name="has_been_opened" value="true" />
    <boolean name="allow_remote_dynamite" value="true" />
    <long name="last_pause_time" value="1755237371679" />
    <boolean name="start_new_session" value="false" />
</map>
