{"Fid":"dHY8BvItQVmHnjc2H_7nYq","Status":3,"AuthToken":"eyJhbGciOiJFUzI1NiIsInR5cCI6IkpXVCJ9.eyJhcHBJZCI6IjE6NjM2ODEzODMyNjYyOmFuZHJvaWQ6NmVlMWZhZWNlZGIzYjFkYmZjNzQ3NyIsImV4cCI6MTc1NTUzMjU5OCwiZmlkIjoiZEhZOEJ2SXRRVm1IbmpjMkhfN25ZcSIsInByb2plY3ROdW1iZXIiOjYzNjgxMzgzMjY2Mn0.AB2LPV8wRQIhAJCkhCVa9-gI0Ja-OUd9XFW4-ZS-pCLx1KVYZWZvUrh2AiA9jPg7rqdj85IgJfvTyn-2j0BCYuHM-vJRgZILpImC1g","RefreshToken":"3_AS3qfwItdhTwRVsKZnwCP86GJ8hXYyG8CosyugeJe_nrpSfpIJRlYv94YEpy0RMou0eHw0iFw4cDiya-91DBltf9zP3Sq9zMbzkjzalqHDGYhFQ","TokenCreationEpochInSecs":1754927797,"ExpiresInSecs":604800}